{"cameraMode":{"drawMode":0,"name":"Shaded","section":"Shading Mode"},"sceneLighting":false,"audioPlay":false,"sceneViewState":{"m_AlwaysRefresh":false,"showFog":true,"showSkybox":false,"showFlares":true,"showImageEffects":true,"showParticleSystems":true,"showVisualEffectGraphs":true,"m_FxEnabled":true},"in2DMode":false,"pivot":{"x":-1.5034981966018677,"y":0.4340634346008301,"z":0.5577347278594971},"rotation":{"x":-0.07254983484745026,"y":0.9017780423164368,"z":-0.16689524054527284,"w":-0.3920500576496124},"size":1.7660250663757325,"orthographic":false}